EDT,Max TemperatureF,Mean TemperatureF,Min TemperatureF,Max Dew PointF,MeanDew PointF,Min DewpointF,Max Humidity, Mean Humidity, Min Humidity, Max Sea Level PressureIn, Mean Sea Level PressureIn, Min Sea Level PressureIn, Max VisibilityMiles, Mean VisibilityMiles, Min VisibilityMiles, Max Wind SpeedMPH, Mean Wind SpeedMPH, Max Gust SpeedMPH,PrecipitationIn, CloudCover, Events, WindDirDegrees
2011-8-20,84,78,72,70,68,64,93,76,58,29.97,29.95,29.91,10,10,10,17,9,21,0.00,5,,198
2011-8-21,86,78,69,71,68,65,90,76,61,29.98,29.90,29.76,10,9,7,24,12,31,T,6,Thunderstorm,203
2011-8-22,80,74,68,72,60,48,87,61,35,29.88,29.73,29.64,10,8,1,24,13,32,0.59,5,Rain,266
2011-8-23,79,71,63,55,50,47,67,50,33,30.06,29.97,29.88,10,10,10,16,9,22,0.00,2,,277
2011-8-24,81,73,64,60,58,54,78,62,45,30.09,30.04,29.99,10,10,10,24,13,29,0.00,3,,206
2011-8-25,87,78,68,71,67,62,90,73,55,29.98,29.89,29.82,10,10,10,28,15,35,0.06,4,Rain-Thunderstorm,208
2011-8-26,84,77,70,69,65,63,90,72,54,29.99,29.95,29.88,10,10,8,22,8,28,0.03,3,Rain,184
2011-8-27,79,75,70,72,69,65,97,82,67,29.96,29.89,29.80,10,5,0,20,6,31,0.77,7,Fog-Rain,121
2011-8-28,76,72,67,70,67,55,97,80,63,29.79,29.39,29.05,10,3,0,46,27,63,0.91,8,Fog-Rain,128
2011-8-29,80,71,62,56,52,47,89,61,32,30.01,29.85,29.50,10,10,10,28,10,37,0.00,1,,271
2011-8-30,77,70,62,57,54,50,73,57,41,30.13,30.08,30.02,10,10,9,14,7,16,0.00,3,,150
2011-8-31,81,72,63,59,57,56,84,63,42,30.21,30.17,30.13,10,10,10,15,6,17,0.00,3,,94
2011-9-1,71,67,62,60,58,54,90,72,53,30.24,30.20,30.16,10,10,9,14,7,16,0.00,4,,67
2011-9-2,68,64,60,59,57,56,90,82,73,30.17,30.12,30.05,10,10,9,13,7,15,0.00,3,,84
2011-9-3,86,73,60,68,63,56,90,73,55,30.03,29.92,29.85,10,10,6,17,10,23,0.00,3,,219
2011-9-4,85,77,68,72,67,63,84,73,61,29.91,29.86,29.81,10,9,5,21,12,25,0.00,5,,209
2011-9-5,87,78,69,69,66,60,87,69,51,29.84,29.82,29.79,10,10,9,23,14,30,0.00,5,,204
2011-9-6,74,67,60,69,59,55,90,79,68,30.22,30.01,29.84,10,8,2,25,9,30,0.68,8,Rain,53
2011-9-7,63,62,60,61,59,57,97,94,90,30.25,30.21,30.12,10,4,1,20,13,25,0.30,8,Rain,41
2011-9-8,64,61,58,61,58,55,100,92,84,30.16,30.08,29.95,10,5,1,16,6,21,1.17,7,Rain,32
2011-9-9,81,70,58,62,58,53,100,70,39,29.95,29.83,29.73,10,7,0,16,8,21,0.00,5,Fog,328
2011-9-10,71,65,59,57,54,50,72,66,60,30.10,29.95,29.83,10,10,9,15,8,18,0.00,3,,74
2011-9-11,70,63,56,57,53,50,86,71,55,30.18,30.10,30.02,10,10,10,18,8,21,0.00,2,,111
2011-9-12,82,72,62,65,60,53,90,71,51,30.01,29.96,29.91,10,10,10,16,10,25,0.00,2,,237
2011-9-13,85,75,64,64,62,59,87,66,44,29.94,29.89,29.82,10,9,4,22,10,32,0.00,1,,214
2011-9-14,86,77,68,70,66,63,90,69,48,29.96,29.89,29.86,10,9,2,24,9,29,0.08,2,Rain-Thunderstorm,219
2011-9-15,83,69,55,68,61,42,90,76,62,29.96,29.88,29.80,10,8,5,21,10,29,0.03,7,Rain,264
2011-9-16,65,58,50,40,37,33,63,47,31,30.35,30.19,29.98,10,10,9,21,12,29,0.00,2,,315
2011-9-17,62,55,48,46,41,37,67,55,42,30.48,30.44,30.36,10,10,10,13,7,16,0.00,4,,82
2011-9-18,66,59,51,50,46,43,77,63,48,30.49,30.44,30.37,10,10,10,16,9,20,0.00,4,,41
2011-9-19,65,58,51,52,49,46,86,69,52,30.36,30.27,30.17,10,10,10,14,9,18,0.00,2,,62
2011-9-20,67,61,55,61,57,51,90,84,78,30.16,30.11,30.07,10,9,4,14,9,18,0.13,7,Rain,216
2011-9-21,75,67,59,62,59,55,93,79,64,30.25,30.21,30.16,10,8,0,16,7,24,0.00,3,Fog,219
2011-9-22,73,69,65,70,66,63,93,89,84,30.21,30.13,30.08,10,8,2,12,5,16,0.05,7,Rain,127
2011-9-23,73,69,65,67,65,64,100,90,79,30.16,30.11,30.04,10,4,0,10,6,14,0.47,7,Fog-Rain,86
2011-9-24,80,73,65,70,68,64,100,86,71,30.07,30.00,29.96,10,7,0,13,7,18,0.43,7,Rain,181
2011-9-25,78,73,68,70,67,65,93,84,74,30.09,30.05,30.02,10,10,10,10,4,12,0.00,7,,211
2011-9-26,76,71,66,67,62,59,90,76,61,30.02,29.98,29.94,10,10,10,10,5,13,0.00,4,,93
2011-9-27,73,69,64,63,62,60,93,81,68,30.07,30.01,29.94,10,9,5,15,6,17,0.00,5,,71
2011-9-28,70,67,63,63,61,58,93,83,73,30.11,30.06,29.99,10,10,9,18,11,22,0.00,5,,90
2011-9-29,72,67,62,67,63,60,100,91,81,29.97,29.75,29.59,10,5,0,36,10,44,0.94,7,Fog-Rain-Thunderstorm,118
2011-9-30,77,68,58,63,57,53,93,72,50,29.74,29.69,29.64,10,10,8,20,11,25,0.12,3,,197
2011-10-1,71,64,57,65,63,55,100,90,79,29.76,29.64,29.57,10,4,0,16,8,21,0.34,8,Rain-Thunderstorm,54
2011-10-2,65,62,58,62,58,55,100,87,73,29.92,29.83,29.76,10,7,0,20,9,25,T,7,Rain,14
2011-10-3,68,62,56,57,54,45,100,73,45,30.06,30.01,29.92,10,8,0,18,8,22,0.07,6,Fog-Rain,158
2011-10-4,68,62,56,56,54,52,93,78,63,30.02,29.92,29.88,10,8,1,20,10,23,1.12,7,Rain,356
2011-10-5,69,60,51,54,44,30,80,57,34,30.22,29.99,29.88,10,10,10,28,14,35,T,4,Rain,324
2011-10-6,66,57,48,33,27,22,56,38,19,30.35,30.26,30.21,10,10,10,22,13,28,0.00,1,,318
2011-10-7,62,54,46,44,35,30,61,49,36,30.46,30.41,30.37,10,10,10,13,7,17,0.00,2,,246
2011-10-8,82,69,55,54,48,41,61,48,34,30.41,30.36,30.32,10,10,10,14,8,20,0.00,0,,268
2011-10-9,87,76,65,54,52,49,56,43,30,30.32,30.27,30.21,10,10,10,15,10,20,0.00,1,,288
2011-10-10,85,75,64,59,55,52,63,52,40,30.19,30.14,30.07,10,10,10,17,9,23,0.00,1,,308
2011-10-11,66,62,58,53,48,43,72,62,51,30.25,30.22,30.17,10,10,10,13,8,15,0.00,6,,64
2011-10-12,62,60,57,56,50,45,87,74,60,30.25,30.18,30.07,10,9,2,20,12,24,0.08,8,Rain,80
2011-10-13,63,61,59,61,59,55,100,94,87,30.07,29.88,29.78,10,3,1,23,11,29,0.93,8,Rain,39
2011-10-14,67,63,59,65,62,58,100,94,87,29.79,29.53,29.32,10,3,0,24,11,31,0.58,8,Fog-Rain-Thunderstorm,122
2011-10-15,68,62,56,56,44,36,78,58,37,29.66,29.55,29.35,10,10,9,31,19,40,T,3,Rain,238
2011-10-16,66,60,54,48,39,35,60,47,34,29.78,29.72,29.66,10,10,10,30,15,39,T,4,,234
2011-10-17,66,61,56,54,41,32,69,49,29,29.73,29.66,29.57,10,10,10,28,14,38,T,3,Rain,245
2011-10-18,68,62,55,50,40,34,77,55,32,29.95,29.84,29.72,10,10,9,17,8,26,0.00,4,,228
2011-10-19,59,57,54,56,54,51,100,90,80,29.98,29.84,29.60,10,5,1,30,15,37,1.17,8,Rain,57
2011-10-20,69,62,54,61,54,44,100,76,52,29.67,29.53,29.46,10,5,0,30,14,38,0.47,6,Fog-Rain,72
2011-10-21,64,59,53,43,42,40,66,55,43,29.95,29.82,29.70,10,10,10,23,12,29,0.00,3,,237
2011-10-22,63,57,50,43,41,39,68,57,46,30.07,30.00,29.95,10,10,10,16,9,22,0.00,5,,272
2011-10-23,58,52,46,41,38,34,76,60,43,30.15,30.11,30.07,10,10,10,13,6,17,0.00,3,,282
2011-10-24,63,53,43,46,42,37,76,62,48,30.16,30.06,29.93,10,10,2,15,7,21,T,5,Rain,192
2011-10-25,62,56,50,47,38,31,71,54,36,30.07,29.93,29.85,10,10,2,23,13,31,0.01,2,Rain,286
2011-10-26,50,49,48,42,38,32,77,64,50,29.99,29.89,29.78,10,10,10,15,5,18,0.02,7,Rain,314
2011-10-27,49,42,34,45,40,33,93,85,77,29.87,29.74,29.68,10,4,2,21,13,26,1.02,8,Rain-Snow,11
2011-10-28,49,42,35,34,28,24,89,64,39,30.25,30.10,29.89,10,10,4,17,11,23,0.00,3,,306
2011-10-29,49,42,34,36,32,26,100,77,54,30.26,30.06,29.73,10,6,0,31,17,38,0.85,7,Rain-Snow,20
2011-10-30,48,41,34,34,31,25,92,69,45,30.28,29.88,29.68,10,5,0,31,17,40,0.11,5,Rain-Snow,325
2011-10-31,52,45,38,35,31,27,65,55,44,30.41,30.37,30.30,10,10,10,13,7,16,0.00,3,,208
2011-11-1,54,47,40,40,35,33,73,62,50,30.39,30.36,30.33,10,10,10,16,7,20,0.00,5,,22
2011-11-2,54,47,39,41,37,32,83,71,59,30.40,30.33,30.23,10,10,10,10,7,13,0.00,1,,245
2011-11-3,63,53,42,43,41,36,83,65,46,30.23,30.03,29.88,10,10,7,20,10,25,0.00,3,,233
2011-11-4,53,46,38,43,28,21,71,50,28,30.25,30.03,29.87,10,10,10,24,14,31,0.00,5,,330
2011-11-5,49,43,36,30,26,23,60,51,42,30.48,30.40,30.26,10,10,10,15,8,18,0.00,0,,329
2011-11-6,59,48,36,38,27,20,71,47,23,30.50,30.43,30.34,10,10,10,18,11,30,0.00,0,,228
2011-11-7,65,54,42,39,37,35,82,58,34,30.32,30.24,30.17,10,10,10,14,9,21,0.00,1,,237
2011-11-8,69,60,51,47,44,39,77,61,44,30.26,30.22,30.19,10,10,10,9,5,10,0.00,1,,227
2011-11-9,67,57,47,52,48,45,100,74,48,30.22,30.15,30.07,10,8,2,13,6,17,0.00,1,,168
2011-11-10,60,56,52,58,55,51,100,93,86,30.05,29.76,29.49,7,3,0,14,4,24,1.05,8,Fog-Rain,38
2011-11-11,58,50,41,49,34,25,86,61,36,29.85,29.56,29.43,10,10,7,31,16,43,T,4,Rain,288
2011-11-12,53,45,37,34,29,25,70,51,32,30.11,30.02,29.88,10,10,10,26,13,32,0.00,1,,232
2011-11-13,63,53,42,45,41,33,76,62,48,30.16,30.06,29.95,10,10,10,23,11,30,0.00,5,,209
2011-11-14,68,61,54,53,47,42,86,66,45,29.93,29.83,29.70,10,10,10,22,14,26,T,5,,212
2011-11-15,67,62,56,53,50,44,86,69,52,29.96,29.79,29.67,10,10,10,22,12,28,T,7,Rain,250
2011-11-16,59,55,51,55,52,46,100,84,67,29.97,29.80,29.69,10,5,0,10,5,14,0.78,8,Rain,151
2011-11-17,56,48,39,52,36,28,93,71,49,29.88,29.78,29.70,10,9,5,22,12,28,0.13,8,Rain,315
2011-11-18,45,41,36,25,23,20,64,51,37,30.40,30.22,29.91,10,10,9,24,13,33,0.00,1,,266
2011-11-19,53,45,36,42,28,22,71,52,32,30.38,30.31,30.21,10,10,10,28,17,37,0.00,5,,220
2011-11-20,66,58,49,46,44,39,80,63,45,30.19,30.05,29.97,10,10,10,29,15,124,0.00,6,,235
2011-11-21,59,48,36,42,32,27,65,58,51,30.37,30.28,30.07,10,10,10,17,10,21,0.00,4,,28
2011-11-22,46,40,34,37,32,26,75,69,62,30.43,30.35,30.22,10,10,5,24,6,25,0.03,5,Rain,93
2011-11-23,48,41,34,46,39,27,93,82,70,30.17,29.80,29.60,10,6,2,33,20,39,1.46,8,Rain,39
2011-11-24,46,39,31,31,28,25,78,66,53,30.18,30.10,29.97,10,10,10,14,6,17,0.00,3,,329
2011-11-25,61,49,36,38,35,31,85,64,42,30.12,30.05,29.99,10,10,10,16,11,25,0.00,3,,238
2011-11-26,63,54,45,42,37,34,76,56,36,30.21,30.14,30.05,10,10,10,14,6,17,0.00,5,,259
2011-11-27,55,47,38,50,44,36,93,82,71,30.23,30.17,30.11,10,7,0,15,4,21,0.00,6,Fog,77
2011-11-28,67,60,53,51,49,49,89,71,52,30.13,30.10,30.07,10,10,10,22,13,28,0.00,7,,220
2011-11-29,66,59,52,55,52,48,96,80,63,30.12,30.00,29.72,10,9,2,17,7,20,0.06,7,Rain,130
2011-11-30,64,54,44,61,44,31,93,70,47,29.84,29.67,29.60,10,8,2,32,17,41,0.70,5,Rain,217
2011-12-1,49,44,38,32,25,18,70,54,37,30.29,30.10,29.85,10,10,10,17,10,23,0.00,1,,319
2011-12-2,50,43,35,28,24,20,56,46,36,30.45,30.32,30.25,10,10,10,20,8,26,0.00,3,,284
2011-12-3,45,40,34,31,28,25,76,65,53,30.68,30.62,30.48,10,10,10,16,8,20,0.00,2,,41
2011-12-4,53,44,35,45,38,30,93,79,64,30.62,30.50,30.39,10,10,10,18,9,26,0.00,4,,202
2011-12-5,63,54,44,50,47,43,93,75,56,30.39,30.31,30.22,10,9,1,17,10,26,0.00,5,,214
2011-12-6,61,55,49,57,55,49,93,89,84,30.19,30.01,29.88,10,8,2,16,9,23,0.09,8,Rain,212
2011-12-7,59,52,45,56,48,43,100,96,92,29.89,29.78,29.45,10,4,1,17,7,20,1.60,8,Rain,33
2011-12-8,46,42,37,43,32,24,96,71,45,30.28,29.70,29.29,10,7,2,36,16,48,0.89,5,Rain,303
2011-12-9,52,44,35,41,33,24,89,67,44,30.36,30.27,30.19,10,10,10,24,10,32,T,6,,214
2011-12-10,47,39,31,41,26,11,89,61,32,30.44,30.25,30.16,10,10,10,18,10,24,0.00,5,,310
2011-12-11,38,33,28,18,16,14,58,48,37,30.62,30.57,30.45,10,10,10,13,7,18,0.00,1,,269
2011-12-12,49,40,31,23,18,10,63,42,21,30.58,30.50,30.40,10,10,10,17,9,21,0.00,2,,225
2011-12-13,47,38,29,32,24,17,70,55,40,30.39,30.32,30.28,10,10,10,16,7,17,0.00,1,,322
2011-12-14,43,40,37,32,30,28,76,68,60,30.42,30.38,30.33,10,10,10,12,7,14,0.00,7,,15
2011-12-15,54,46,38,48,39,29,83,74,64,30.32,30.00,29.69,10,10,9,28,17,74,0.05,7,Rain,199
2011-12-16,54,48,41,48,33,26,83,61,39,30.07,29.88,29.62,10,10,10,32,16,45,0.02,3,,274
2011-12-17,41,35,28,28,21,7,70,55,39,30.15,30.07,30.03,10,10,10,18,11,25,0.00,6,,316
2011-12-18,28,24,20,11,5,-1,55,44,33,30.31,30.23,30.14,10,10,10,16,10,21,T,3,,341
2011-12-19,45,32,18,29,17,0,62,50,37,30.27,30.05,29.84,10,10,10,26,14,36,0.00,4,,233
2011-12-20,45,39,32,33,20,9,67,47,27,30.23,30.10,29.86,10,10,10,18,10,24,T,3,,319
2011-12-21,58,45,32,54,43,22,93,76,59,30.21,29.90,29.59,10,9,5,21,10,26,0.09,8,Rain,192
2011-12-22,57,51,45,54,41,34,83,65,47,30.09,29.89,29.61,10,9,2,25,11,35,0.41,5,Rain,267
2011-12-23,47,42,37,42,35,21,96,84,71,30.19,29.97,29.89,10,8,3,15,9,17,0.58,7,Rain,341
2011-12-24,31,27,22,20,12,4,69,56,42,30.50,30.39,30.20,10,10,10,15,8,20,0.00,2,,343
2011-12-25,42,31,19,35,22,6,79,63,47,30.49,30.21,29.86,10,10,7,16,8,21,0.03,6,Rain-Snow,230
2011-12-26,43,37,30,34,25,17,85,63,41,30.26,30.05,29.83,10,10,10,26,11,36,0.00,3,,300
2011-12-27,56,43,29,52,35,20,93,76,58,30.19,29.88,29.34,10,9,4,38,14,49,0.18,6,Rain,191
2011-12-28,57,43,28,53,32,13,93,69,45,29.63,29.37,29.25,10,10,6,33,20,43,0.02,3,Rain,252
2011-12-29,33,28,23,12,4,-6,50,36,21,30.04,29.88,29.63,10,10,10,29,15,39,0.00,2,,265
2011-12-30,44,36,27,37,24,10,82,63,43,30.12,30.08,30.04,10,10,10,14,4,16,0.00,7,,349
2011-12-31,40,37,34,36,34,29,92,84,75,30.06,29.90,29.82,10,4,0,14,7,18,0.01,7,Rain,313
2012-1-1,52,46,39,45,39,35,86,73,59,30.06,29.89,29.64,10,10,9,20,9,25,0.01,4,Rain,224
2012-1-2,50,42,34,47,28,15,93,63,33,29.72,29.62,29.53,10,10,10,25,14,36,0.01,4,Rain,256
2012-1-3,35,25,14,17,5,-5,51,44,36,30.01,29.85,29.72,10,10,10,24,15,35,0.00,2,,306
2012-1-4,28,19,10,4,-1,-3,58,44,29,30.11,30.03,29.92,10,10,10,24,12,30,0.00,4,,281
2012-1-5,39,32,25,21,13,5,56,48,40,29.92,29.84,29.74,10,10,10,21,12,30,0.00,6,,261
2012-1-6,48,38,28,34,25,11,92,69,46,29.94,29.83,29.73,10,10,9,13,6,16,T,7,,175
2012-1-7,60,45,30,36,31,27,89,61,33,29.88,29.75,29.65,10,9,6,17,5,26,0.00,4,,298
2012-1-8,45,38,30,27,22,16,59,49,38,30.28,30.11,29.90,10,10,10,20,12,28,0.00,4,,294
2012-1-9,40,33,25,22,15,9,60,44,27,30.31,30.20,29.99,10,10,10,16,8,51,0.00,4,,244
2012-1-10,47,39,30,30,26,22,92,69,45,29.96,29.87,29.75,10,8,1,23,10,28,0.02,5,Snow,241
2012-1-11,38,34,30,31,23,18,76,62,47,30.15,30.09,29.96,10,10,10,23,9,48,0.00,3,,69
2012-1-12,42,38,33,40,36,30,93,85,76,30.06,29.69,29.46,10,5,1,35,20,40,0.92,8,Rain,48
2012-1-13,54,43,31,48,31,14,100,73,45,29.58,29.41,29.17,10,7,0,40,18,51,0.05,6,Rain,190
2012-1-14,34,27,19,17,12,5,63,51,38,30.01,29.81,29.60,10,10,10,24,17,30,0.00,3,,275
2012-1-15,19,13,6,3,-5,-8,58,48,37,30.50,30.29,30.04,10,10,10,24,15,32,0.00,1,,318
2012-1-16,34,22,10,31,8,-5,85,57,28,30.59,30.40,30.13,10,8,0,21,11,30,0.06,5,Fog-Snow,248
2012-1-17,48,41,33,43,35,30,92,83,73,30.10,29.86,29.47,10,8,2,18,11,24,0.09,8,Rain-Snow,220
2012-1-18,52,37,21,43,17,-3,80,55,30,30.15,29.78,29.42,10,10,10,36,21,49,0.00,2,,289
2012-1-19,33,25,17,28,15,-1,81,59,36,30.30,30.16,29.97,10,8,1,20,9,24,0.01,5,Snow,127
2012-1-20,32,27,22,30,18,1,92,66,39,30.30,30.06,29.92,10,7,0,21,11,29,0.05,4,Fog-Snow,262
2012-1-21,23,20,16,18,12,1,84,62,39,30.35,30.22,30.12,10,5,0,20,10,28,0.18,7,Fog-Snow,358
2012-1-22,30,23,15,21,13,7,73,68,63,30.57,30.51,30.36,10,10,10,15,10,,0.00,5,,3
2012-1-23,47,38,28,46,35,20,100,85,69,30.51,30.18,29.88,10,6,0,10,5,14,0.20,8,Fog-Rain-Snow,138
2012-1-24,56,49,42,50,41,28,100,76,51,30.04,29.91,29.85,10,10,5,18,11,24,0.01,6,Rain,250
2012-1-25,43,40,36,26,24,23,64,55,46,30.19,30.15,30.05,10,10,10,20,13,26,0.00,5,,286
2012-1-26,41,36,31,36,29,22,96,76,56,30.22,30.14,30.00,10,6,2,20,8,25,0.17,8,Rain-Snow,69
2012-1-27,46,42,37,45,40,30,100,83,65,29.94,29.56,29.31,10,3,0,29,11,37,0.89,7,Fog-Rain,29
2012-1-28,46,42,38,31,28,25,70,60,49,30.00,29.88,29.64,10,10,10,25,13,33,0.00,3,,243
2012-1-29,43,39,34,28,16,12,70,50,29,30.08,30.02,29.89,10,10,10,23,15,32,0.00,3,,257
2012-1-30,40,36,31,25,17,9,64,46,27,30.30,30.10,29.93,10,9,2,25,14,33,T,4,Snow,278
2012-1-31,47,39,30,34,26,14,96,71,45,30.29,30.12,30.02,10,8,1,13,6,23,0.00,7,,100
2012-2-1,59,47,35,40,35,29,92,70,47,30.02,29.88,29.77,10,6,1,22,8,32,T,6,Rain,312
2012-2-2,45,38,31,33,28,19,79,66,53,30.19,30.06,29.97,10,10,9,18,11,22,T,8,Snow,8
2012-2-3,39,32,25,19,14,6,63,44,25,30.38,30.30,30.21,10,10,10,18,11,26,0.00,5,,322
2012-2-4,43,36,28,24,17,7,64,50,35,30.24,30.17,30.11,10,10,10,20,12,28,0.00,4,,308
2012-2-5,36,29,22,15,10,7,57,43,29,30.17,30.12,30.07,10,10,10,13,7,22,0.00,1,,303
2012-2-6,50,39,28,25,19,14,58,44,29,30.07,29.93,29.83,10,10,10,22,14,29,0.00,1,,245
2012-2-7,46,38,30,26,22,15,64,52,39,30.24,30.03,29.88,10,10,10,17,10,24,0.00,4,,306
2012-2-8,38,30,22,17,8,0,53,38,23,30.33,30.22,30.08,10,10,10,16,8,20,0.00,4,,241
2012-2-9,47,39,30,20,13,10,63,43,23,30.09,30.02,29.96,10,10,10,15,9,21,0.00,2,,276
2012-2-10,50,40,30,32,20,13,65,46,27,30.11,30.01,29.90,10,10,7,17,11,25,T,4,Rain,226
2012-2-11,39,35,30,34,30,14,92,73,53,29.89,29.72,29.53,10,6,2,22,11,26,0.07,8,Rain-Snow,314
2012-2-12,30,23,16,11,-1,-4,51,40,29,29.90,29.70,29.56,10,10,10,33,17,44,0.00,2,,313
2012-2-13,41,29,17,18,12,-2,62,47,32,29.98,29.88,29.79,10,10,9,26,14,35,T,2,Snow,254
2012-2-14,44,36,28,30,17,10,75,51,27,30.12,30.07,30.00,10,10,10,13,6,17,0.00,4,,216
2012-2-15,43,39,34,37,35,30,92,83,73,30.23,30.17,30.11,10,10,8,7,2,9,T,8,Rain,82
2012-2-16,45,40,35,37,32,28,92,75,58,30.28,30.18,30.05,10,9,4,15,6,17,0.04,6,Rain,206
2012-2-17,53,46,38,41,32,19,96,66,36,30.03,29.93,29.84,10,9,4,21,11,29,0.01,5,Rain,252
2012-2-18,47,41,34,30,22,17,82,57,31,29.97,29.91,29.83,10,10,10,22,13,29,0.00,3,,289
2012-2-19,46,39,31,27,20,14,70,49,28,30.07,30.02,29.97,10,10,10,18,9,23,0.00,1,,346
2012-2-20,41,35,28,15,11,6,53,38,23,30.30,30.13,30.01,10,10,10,26,12,36,0.00,2,,332
2012-2-21,44,36,28,36,22,15,70,52,33,30.35,30.16,29.87,10,10,10,21,9,28,T,4,Rain,216
2012-2-22,57,47,36,37,32,24,92,61,30,29.85,29.66,29.55,10,10,6,18,9,26,0.00,5,,224
2012-2-23,55,48,41,45,36,22,93,66,38,29.79,29.49,29.35,10,10,5,26,12,35,0.05,5,Rain,252
2012-2-24,42,39,36,40,34,23,93,70,46,29.80,29.53,29.19,10,7,1,21,8,26,0.54,8,Rain-Snow,87
2012-2-25,45,39,33,36,22,16,85,59,33,29.78,29.40,29.20,10,10,9,41,23,53,T,5,,272
2012-2-26,41,34,27,15,5,-1,53,36,19,30.45,30.22,29.83,10,10,10,31,16,41,0.00,0,,296
2012-2-27,52,39,26,32,22,8,62,48,33,30.46,30.26,30.02,10,10,10,23,11,31,0.00,3,,214
2012-2-28,48,41,34,31,18,11,62,45,28,30.40,30.25,30.03,10,10,10,24,13,33,0.00,4,,316
2012-2-29,36,34,31,34,25,11,96,67,38,30.40,30.21,29.95,10,4,0,25,9,32,0.29,8,Fog-Rain-Snow,79
2012-3-1,37,31,25,36,32,21,96,90,84,30.02,29.86,29.76,10,3,1,31,22,38,0.58,8,Rain-Snow,49
2012-3-2,35,29,23,29,23,19,88,82,75,30.17,30.12,30.00,10,10,9,16,8,,0.00,8,,46
2012-3-3,47,41,34,42,36,29,100,79,58,29.95,29.63,29.37,10,4,1,16,10,24,0.38,7,Rain-Snow,164
2012-3-4,42,38,34,28,22,19,70,56,41,29.68,29.61,29.54,10,10,10,17,8,23,0.00,5,,268
2012-3-5,38,32,25,18,11,5,56,42,27,30.31,29.97,29.67,10,10,10,23,14,30,0.00,1,,292
2012-3-6,39,30,20,13,3,-1,49,34,19,30.59,30.51,30.34,10,10,9,21,12,28,0.00,0,,293
2012-3-7,62,47,32,37,30,16,70,51,32,30.58,30.38,30.24,10,10,10,28,16,36,0.00,1,,219
2012-3-8,68,59,50,47,44,40,74,58,42,30.24,30.01,29.71,10,10,10,37,24,49,0.00,3,,218
2012-3-9,61,48,35,49,25,15,75,53,31,30.15,29.99,29.68,10,9,0,37,11,48,T,6,Rain-Snow,293
2012-3-10,40,36,31,25,21,15,72,56,40,30.53,30.39,30.16,10,9,2,21,12,38,T,4,Snow,332
2012-3-11,58,44,30,31,23,20,69,47,24,30.52,30.36,30.25,10,10,10,29,14,36,0.00,1,,223
2012-3-12,71,57,42,39,32,28,63,42,20,30.27,30.19,30.11,10,10,10,15,7,21,0.00,3,,226
2012-3-13,71,60,49,53,46,35,89,68,47,30.10,29.98,29.86,10,10,5,21,10,25,0.07,6,Rain,209
2012-3-14,57,49,40,49,41,35,93,88,82,30.27,30.10,29.95,10,6,0,18,11,22,0.00,7,Fog,46
2012-3-15,42,40,37,36,32,30,85,75,65,30.39,30.35,30.27,10,10,9,14,9,18,T,8,Rain,73
2012-3-16,46,42,37,41,35,30,89,80,70,30.35,30.22,30.11,10,9,5,10,5,15,0.07,7,Rain,179
2012-3-17,49,45,40,41,39,37,89,78,66,30.39,30.31,30.18,10,9,4,9,5,13,0.00,6,,71
2012-3-18,74,58,41,47,43,38,89,62,35,30.34,30.23,30.13,10,10,9,16,10,23,0.00,1,,224
2012-3-19,74,60,45,49,45,42,86,60,33,30.28,30.18,30.12,10,9,6,21,8,24,0.00,2,,5
2012-3-20,67,56,44,54,45,40,89,73,56,30.32,30.28,30.21,10,10,7,15,6,24,0.00,1,,32
2012-3-21,78,67,56,56,55,53,86,65,43,30.34,30.28,30.22,10,10,10,20,11,30,0.00,0,,231
2012-3-22,83,70,56,56,53,49,87,60,33,30.22,30.09,29.98,10,10,8,15,10,21,0.00,1,,252
2012-3-23,76,67,58,52,38,18,72,46,19,30.12,30.04,29.97,10,10,10,21,8,29,0.00,4,,336
2012-3-24,59,53,47,38,33,21,66,44,22,30.18,30.11,30.05,10,10,10,13,8,16,0.00,7,,95
2012-3-25,48,45,42,40,38,36,89,77,65,30.04,29.87,29.72,10,8,2,13,7,14,0.01,8,Rain,91
2012-3-26,50,41,32,42,25,4,89,58,27,29.96,29.75,29.62,10,10,10,33,17,43,T,3,,314
2012-3-27,49,38,27,3,-3,-7,32,21,10,30.18,30.11,29.99,10,10,10,25,15,37,0.00,0,,324
2012-3-28,50,45,39,44,29,-1,80,50,19,30.15,29.80,29.55,10,10,10,21,8,26,0.06,7,Rain,199
2012-3-29,46,43,40,42,34,25,83,66,49,29.91,29.71,29.54,10,10,9,21,12,28,0.01,7,Rain,357
2012-3-30,51,44,36,26,18,6,59,38,16,30.04,29.99,29.93,10,10,10,23,11,31,0.00,3,,313
2012-3-31,43,40,36,36,31,24,79,64,49,30.06,29.96,29.90,10,9,6,14,7,18,0.03,6,Rain,92
2012-4-1,51,43,34,39,34,30,93,73,53,29.90,29.76,29.63,10,8,4,17,7,23,0.19,6,Rain,195
2012-4-2,53,46,39,39,32,9,93,57,21,29.80,29.66,29.58,10,9,4,25,13,31,0.05,6,Rain,349
2012-4-3,59,48,36,14,10,7,35,25,14,29.83,29.77,29.70,10,10,10,23,13,32,0.00,1,,325
2012-4-4,64,54,43,33,20,11,60,38,16,29.71,29.58,29.45,10,10,10,29,12,38,T,4,,307
2012-4-5,52,46,40,32,24,19,67,49,30,29.89,29.77,29.65,10,10,10,22,13,29,0.00,2,,320
2012-4-6,53,45,37,21,19,15,52,38,24,29.98,29.92,29.88,10,10,10,18,11,26,0.00,2,,317
2012-4-7,52,45,38,28,21,15,57,42,26,30.02,29.97,29.93,10,10,10,18,8,23,0.00,5,,13
2012-4-8,50,46,41,36,26,19,70,51,31,29.97,29.76,29.60,10,10,10,21,10,29,T,7,,290
2012-4-9,58,51,43,33,29,26,70,52,33,29.63,29.54,29.49,10,10,10,29,17,36,0.00,6,,260
2012-4-10,63,53,43,30,24,20,45,32,19,29.75,29.63,29.59,10,10,10,25,10,32,0.00,5,,265
2012-4-11,54,49,44,39,32,25,76,56,36,29.86,29.80,29.74,10,10,10,20,9,23,0.00,4,,19
2012-4-12,56,50,43,41,38,35,83,67,51,30.07,29.97,29.86,10,8,2,15,9,,0.32,6,Rain,345
2012-4-13,65,53,41,37,28,20,82,51,19,30.15,30.08,30.00,10,10,10,16,8,21,0.00,1,,306
2012-4-14,71,60,49,34,27,21,40,28,16,30.14,30.05,29.97,10,10,10,18,10,24,0.00,3,,259
2012-4-15,77,66,54,53,46,33,66,52,37,29.99,29.95,29.88,10,10,10,20,10,24,T,7,,229
2012-4-16,87,73,59,58,55,52,84,59,34,30.01,29.95,29.88,10,10,10,21,10,25,T,4,,192
2012-4-17,84,71,57,55,39,22,86,48,10,30.11,29.98,29.88,10,10,7,23,12,29,0.00,2,,276
2012-4-18,62,56,49,40,33,22,66,44,22,30.24,30.18,30.12,10,10,10,20,11,26,0.00,5,,65
2012-4-19,66,57,47,46,42,40,77,61,45,30.13,30.06,29.97,10,10,10,21,11,24,0.00,4,,176
2012-4-20,77,63,49,48,42,34,80,54,27,30.01,29.97,29.91,10,10,10,24,12,30,0.00,5,,206
2012-4-21,78,66,54,57,52,42,93,68,43,29.90,29.79,29.69,10,10,10,24,12,31,0.01,7,Rain,194
2012-4-22,62,53,44,57,47,41,93,85,77,29.84,29.78,29.67,10,5,2,33,14,40,1.04,8,Rain,50
2012-4-23,63,54,44,61,53,41,97,86,74,29.68,29.38,29.30,10,5,2,40,15,47,1.48,8,Rain,131
2012-4-24,58,52,46,43,35,29,80,58,35,29.70,29.53,29.40,10,10,10,28,17,35,0.00,4,,205
2012-4-25,62,53,43,42,33,26,89,58,27,29.87,29.77,29.71,10,10,10,24,12,30,0.00,4,Rain,244
2012-4-26,63,53,43,50,36,28,89,63,36,29.95,29.82,29.55,10,10,10,23,11,26,T,4,Rain,178
2012-4-27,57,49,40,53,36,21,93,64,35,29.99,29.66,29.48,10,10,7,30,19,39,T,6,Rain,278
2012-4-28,60,49,37,21,18,13,52,35,17,30.12,30.06,29.99,10,10,10,24,14,33,0.00,3,,290
2012-4-29,59,49,39,20,14,6,39,27,14,30.22,30.08,29.99,10,10,10,28,12,37,0.00,3,,318
2012-4-30,54,48,41,37,24,13,61,44,27,30.33,30.26,30.21,10,10,10,18,11,25,0.00,4,,199
2012-5-1,50,48,45,46,43,35,100,78,56,30.22,30.12,30.06,10,4,1,25,13,30,0.60,8,Rain,102
2012-5-2,52,49,45,46,44,43,100,89,77,30.24,30.21,30.14,10,8,2,15,9,25,T,8,,65
2012-5-3,50,48,46,47,46,44,93,90,86,30.22,30.18,30.12,10,8,2,12,7,16,0.04,8,Rain,113
2012-5-4,56,53,49,53,49,46,100,93,86,30.09,30.00,29.93,10,6,0,14,7,20,0.01,8,Fog-Rain,165
2012-5-5,58,54,50,52,49,46,100,89,77,30.09,29.99,29.94,10,3,0,12,5,17,0.09,8,Fog-Rain,76
2012-5-6,54,50,46,49,42,35,100,75,50,30.16,30.11,30.08,10,8,0,12,7,14,0.00,5,Fog,95
2012-5-7,59,54,48,47,43,37,80,66,51,30.15,30.12,30.10,10,10,10,17,9,21,0.00,4,,127
2012-5-8,58,54,50,53,45,36,93,72,50,30.11,30.01,29.89,10,9,5,25,11,32,0.16,8,Rain,193
2012-5-9,63,60,56,59,57,54,97,91,84,29.89,29.74,29.60,10,9,5,14,8,17,0.26,8,Rain,198
2012-5-10,67,59,50,57,51,38,100,74,47,29.68,29.49,29.40,10,5,1,23,12,32,0.85,7,Rain,271
2012-5-11,64,56,47,41,36,29,71,50,28,30.04,29.86,29.69,10,10,10,23,10,33,0.00,4,,275
2012-5-12,80,65,50,43,35,26,59,39,19,30.14,30.08,30.03,10,10,10,23,10,30,0.00,2,,273
2012-5-13,80,70,59,55,48,43,63,51,38,30.15,30.10,30.05,10,10,10,17,7,31,0.00,5,,188
2012-5-14,64,59,53,54,51,48,93,80,67,30.20,30.16,30.10,10,9,3,13,6,16,0.09,8,Rain,97
2012-5-15,73,65,56,61,56,53,100,77,53,30.17,30.08,29.97,10,7,2,20,10,25,0.50,7,Rain,165
2012-5-16,73,67,60,64,61,59,100,87,73,29.96,29.89,29.81,10,7,1,15,7,26,0.06,7,Rain,192
2012-5-17,70,62,54,59,43,35,97,63,28,30.15,30.02,29.87,10,10,10,21,9,26,0.00,2,,300
2012-5-18,65,57,49,48,44,37,83,64,44,30.27,30.21,30.16,10,10,9,18,8,22,0.00,3,,121
2012-5-19,66,59,51,48,43,39,72,57,42,30.19,30.17,30.14,10,10,10,13,5,15,0.00,1,,118
2012-5-20,71,63,55,51,47,41,77,57,37,30.31,30.25,30.17,10,10,10,17,7,22,0.00,6,,114
2012-5-21,59,57,54,56,53,47,93,83,72,30.29,30.23,30.09,10,4,0,14,7,16,0.02,7,Fog-Rain,78
2012-5-22,63,60,56,61,59,55,100,97,93,30.07,29.92,29.83,2,1,0,17,8,21,0.58,8,Fog-Rain,51
2012-5-23,71,65,59,63,60,57,100,87,73,30.06,29.92,29.84,10,6,0,14,6,16,T,6,Rain,61
2012-5-24,71,66,60,62,59,58,100,87,73,30.26,30.19,30.07,10,10,10,21,10,24,0.00,3,,134
2012-5-25,74,66,58,65,60,55,100,87,73,30.28,30.21,30.12,10,8,0,17,8,21,0.00,7,,133
2012-5-26,86,76,66,68,64,52,93,68,43,30.12,30.07,30.02,10,10,7,16,10,24,0.00,6,,248
2012-5-27,72,68,64,59,54,49,84,66,47,30.17,30.11,30.01,10,10,10,15,10,21,0.00,6,,66
2012-5-28,69,65,60,63,58,55,93,80,66,30.03,29.99,29.95,10,9,5,15,9,20,0.00,5,,100
2012-5-29,67,63,59,63,60,56,100,91,81,29.95,29.82,29.71,10,3,0,18,8,24,0.17,8,Fog-Rain-Thunderstorm,90
2012-5-30,75,68,61,64,61,56,100,77,53,29.75,29.72,29.69,10,10,7,13,6,18,T,7,Rain,219
2012-5-31,83,73,63,62,55,47,84,57,30,29.91,29.77,29.71,10,10,10,16,8,20,0.00,4,,340
2012-6-1,65,62,58,57,49,44,84,66,48,30.09,30.04,29.94,10,10,10,17,12,22,0.00,6,,82
2012-6-2,62,59,55,61,56,48,97,85,72,30.01,29.82,29.70,10,4,1,25,16,30,1.13,8,Rain,117
2012-6-3,62,58,53,61,54,48,97,85,72,29.70,29.67,29.65,10,7,0,23,14,30,0.01,8,Rain,356
2012-6-4,53,52,50,50,48,46,96,90,83,29.80,29.68,29.61,10,5,2,30,17,37,0.13,8,Rain,19
2012-6-5,56,53,50,49,47,46,93,83,72,29.94,29.86,29.78,10,9,2,20,8,23,0.13,8,Rain,22
2012-6-6,61,57,52,51,49,46,89,75,60,30.00,29.97,29.93,10,10,7,13,7,22,T,6,Rain,115
2012-6-7,65,60,54,55,54,52,93,86,78,29.99,29.96,29.93,10,8,2,24,6,36,0.04,7,Rain,105
2012-6-8,79,67,54,61,56,53,100,71,42,29.95,29.85,29.75,10,5,0,29,8,36,0.31,6,Fog-Rain-Thunderstorm,197
2012-6-9,79,69,59,58,51,41,78,54,30,29.94,29.86,29.78,10,10,10,17,10,22,T,3,,287
2012-6-10,76,68,59,57,51,44,78,56,33,30.23,30.09,29.95,10,10,10,18,9,21,0.00,3,,92
2012-6-11,74,66,57,58,54,49,86,68,49,30.31,30.26,30.22,10,10,10,20,10,23,0.00,5,,160
2012-6-12,74,67,60,59,56,51,90,72,53,30.21,30.09,29.99,10,10,10,21,13,25,0.01,7,Rain,205
2012-6-13,65,64,62,63,62,60,100,97,93,30.08,30.00,29.94,10,6,2,13,7,16,0.70,8,Rain,185
2012-6-14,68,65,61,62,54,44,100,73,45,30.27,30.20,30.09,10,9,1,22,9,29,0.00,6,,44
2012-6-15,69,63,57,54,49,46,72,62,52,30.34,30.30,30.25,10,10,10,18,9,23,0.00,1,,33
2012-6-16,65,60,54,55,52,48,84,72,60,30.38,30.33,30.29,10,10,7,20,10,24,0.00,5,,54
2012-6-17,63,58,52,52,50,49,89,77,64,30.29,30.23,30.15,10,10,7,15,9,20,0.00,4,,82
2012-6-18,64,60,55,56,51,46,84,74,64,30.17,30.16,30.12,10,10,10,17,8,22,0.00,5,,112
2012-6-19,76,66,56,61,57,53,93,77,61,30.17,30.11,30.03,10,10,10,18,10,24,0.00,5,,225
2012-6-20,97,82,66,72,67,60,87,64,40,30.01,29.93,29.85,10,10,10,16,10,24,0.00,2,,269
2012-6-21,96,88,80,71,66,64,65,52,39,29.85,29.79,29.72,10,10,9,16,9,22,0.00,1,,287
2012-6-22,95,85,74,70,65,62,82,59,36,29.77,29.73,29.68,10,10,6,28,10,36,0.02,3,Rain,276
2012-6-23,81,73,65,68,63,59,93,74,54,29.92,29.82,29.76,10,8,0,33,8,44,1.19,6,Rain-Hail-Thunderstorm,355
2012-6-24,84,74,64,60,53,45,81,54,26,29.94,29.90,29.86,10,10,10,17,11,25,0.00,4,,278
2012-6-25,73,67,61,63,61,55,93,75,57,29.85,29.72,29.65,10,8,2,22,10,29,0.93,7,Rain-Thunderstorm,204
2012-6-26,73,67,61,61,55,52,93,73,53,29.64,29.58,29.53,10,10,10,23,13,29,0.06,6,Rain,306
2012-6-27,77,69,61,54,52,51,72,58,43,29.73,29.63,29.56,10,10,10,20,14,29,T,5,,274
2012-6-28,83,74,65,61,56,53,73,56,39,29.75,29.72,29.69,10,10,10,17,10,22,0.00,3,,248
2012-6-29,89,78,66,72,63,47,87,58,28,29.70,29.63,29.53,10,9,2,18,8,24,0.05,3,Rain,215
2012-6-30,90,80,70,64,54,51,62,45,27,29.72,29.67,29.63,10,10,10,22,13,32,0.00,4,,259
2012-7-1,91,81,70,64,60,56,73,53,32,29.83,29.76,29.72,10,10,10,21,9,31,0.00,3,,267
2012-7-2,84,77,69,61,59,55,68,55,42,29.87,29.85,29.81,10,10,10,21,8,25,0.00,4,,323
2012-7-3,86,77,68,61,55,49,76,54,31,29.91,29.88,29.85,10,10,9,18,9,29,0.00,4,,320
2012-7-4,84,76,68,70,67,60,90,73,55,29.85,29.75,29.67,10,8,4,21,8,28,0.14,6,Rain-Thunderstorm,207
2012-7-5,83,77,70,70,63,59,79,63,47,29.86,29.75,29.65,10,10,9,20,9,25,0.00,4,,342
2012-7-6,80,74,68,66,63,60,79,68,56,29.91,29.86,29.82,10,10,10,13,8,16,0.00,2,,147
2012-7-7,86,80,73,68,65,63,73,64,54,29.82,29.77,29.71,10,10,10,17,10,24,T,5,Rain,275
2012-7-8,89,80,71,63,59,49,73,51,29,29.88,29.80,29.77,10,10,10,20,9,25,0.00,3,,316
2012-7-9,84,76,67,59,49,42,70,47,24,29.98,29.92,29.88,10,10,10,16,8,24,0.00,3,,326
2012-7-10,83,74,65,59,50,42,70,50,29,30.09,30.03,29.98,10,10,9,14,7,17,0.00,2,,71
2012-7-11,80,73,66,65,59,52,81,59,36,30.19,30.15,30.09,10,10,10,15,8,18,0.00,4,,152
2012-7-12,86,75,63,65,59,54,84,62,40,30.19,30.15,30.09,10,10,9,20,11,24,0.00,2,,191
2012-7-13,90,80,69,67,60,55,66,53,40,30.19,30.15,30.13,10,10,9,23,11,26,0.00,4,,209
2012-7-14,91,82,72,64,61,59,73,55,37,30.14,30.10,30.05,10,10,10,17,11,24,0.00,4,,252
2012-7-15,91,82,72,71,66,63,79,60,41,30.09,30.00,29.88,10,10,9,17,9,26,T,5,Rain,217
2012-7-16,88,80,72,72,68,64,84,65,46,29.87,29.79,29.75,10,10,10,16,10,22,T,4,,235
2012-7-17,97,87,76,68,65,62,74,54,34,29.78,29.71,29.65,10,10,9,29,12,36,0.00,2,,235
2012-7-18,89,80,70,72,69,66,93,72,50,29.88,29.81,29.68,10,7,0,23,8,26,1.74,5,Rain-Thunderstorm,120
2012-7-19,74,70,66,67,59,52,81,65,49,30.02,29.96,29.88,10,10,10,17,8,21,0.06,7,Rain,75
2012-7-20,71,68,64,63,58,56,87,74,61,30.09,30.06,30.02,10,10,10,14,7,17,0.00,6,,72
2012-7-21,74,68,61,60,57,55,84,69,53,30.13,30.10,30.06,10,10,10,13,7,15,0.00,2,,118
2012-7-22,84,73,61,60,57,50,78,56,33,30.14,30.11,30.07,10,10,10,21,11,25,0.00,2,,207
2012-7-23,86,76,66,70,65,60,87,69,51,30.10,29.96,29.77,10,10,7,21,11,28,0.02,6,Rain,210
2012-7-24,91,80,68,70,67,56,87,69,50,29.76,29.62,29.51,10,8,0,26,10,32,0.55,6,Fog-Rain-Thunderstorm,242
2012-7-25,83,74,65,59,53,49,70,51,31,29.81,29.77,29.70,10,10,10,21,11,28,0.00,3,,322
2012-7-26,84,75,66,72,64,58,87,73,58,29.78,29.68,29.59,10,10,7,16,8,21,T,6,Rain,208
2012-7-27,79,72,64,73,65,62,93,83,73,29.91,29.76,29.59,10,8,2,14,6,20,0.02,7,Rain,96
2012-7-28,72,68,63,66,64,60,100,90,79,30.01,29.97,29.91,10,6,0,14,7,18,0.87,7,Rain-Thunderstorm,67
2012-7-29,73,69,64,65,63,59,93,81,68,30.07,30.00,29.94,10,9,2,18,9,22,T,8,Rain,30
2012-7-30,81,72,63,64,61,59,93,72,51,30.12,30.10,30.06,10,10,9,18,8,23,0.00,3,,198
2012-7-31,73,68,63,66,63,61,93,83,73,30.12,30.07,29.89,10,9,3,16,9,21,0.48,6,Rain,140
2012-8-1,78,73,68,70,66,64,93,79,64,29.93,29.88,29.85,10,8,1,17,8,20,0.80,7,Rain,231
2012-8-2,86,77,68,71,69,65,90,75,59,29.89,29.85,29.82,10,10,7,14,8,17,0.00,3,,184
2012-8-3,92,82,72,72,68,61,93,65,36,30.08,29.97,29.90,10,9,7,18,12,24,0.00,3,,233
2012-8-4,82,78,74,71,70,67,87,75,62,30.21,30.18,30.10,10,9,6,14,7,17,0.00,3,,135
2012-8-5,88,80,72,75,72,69,93,76,59,30.22,30.09,29.93,10,10,8,28,13,37,0.08,5,Rain,199
2012-8-6,85,78,71,71,61,55,93,65,37,29.98,29.94,29.91,10,10,9,18,10,45,0.00,5,,278
2012-8-7,77,72,67,64,60,56,73,62,50,30.02,29.99,29.94,10,10,10,18,8,22,0.00,5,,124
2012-8-8,83,75,66,67,65,62,87,73,58,29.99,29.97,29.93,10,10,10,15,8,20,0.00,4,,190
2012-8-9,83,76,69,70,68,66,97,78,58,29.97,29.93,29.88,10,9,4,21,10,23,0.00,4,,185
2012-8-10,84,77,69,72,70,68,100,83,65,29.94,29.88,29.80,10,7,0,23,9,26,1.17,7,Fog-Rain,141
2012-8-11,81,76,71,72,69,66,93,84,74,29.92,29.88,29.81,10,10,8,16,8,25,0.00,6,,127
2012-8-12,84,78,72,72,71,70,93,79,65,29.94,29.90,29.86,10,10,6,17,10,21,0.01,6,Rain,192
2012-8-13,86,79,71,71,62,59,93,69,44,29.94,29.91,29.88,10,10,9,16,8,21,0.00,2,,263
2012-8-14,83,77,70,65,61,57,78,61,43,29.95,29.92,29.90,10,10,10,15,7,20,0.00,4,,260
2012-8-15,84,75,66,70,67,63,97,74,51,29.96,29.89,29.84,10,8,1,16,8,20,0.83,7,Rain,190
2012-8-16,85,76,67,66,62,57,93,68,43,29.86,29.83,29.79,10,10,7,18,8,26,T,5,Rain,312
2012-8-17,86,76,66,66,62,57,78,61,43,29.85,29.81,29.75,10,10,10,21,10,29,T,2,Rain,241
2012-8-18,72,68,64,64,61,59,93,81,68,29.89,29.86,29.82,10,10,10,15,6,20,0.04,7,Rain,248
2012-8-19,73,67,61,61,57,53,81,72,63,29.96,29.93,29.89,10,10,10,10,6,14,0.00,6,,34
2012-8-20,75,69,62,63,59,54,90,74,57,29.93,29.90,29.85,10,10,9,16,7,23,0.00,5,,149
2012-8-21,83,75,66,61,56,49,78,56,34,30.08,29.98,29.91,10,10,10,15,8,24,T,6,,261
2012-8-22,78,72,66,64,58,54,69,62,54,30.14,30.11,30.08,10,10,9,15,7,17,0.00,4,,159
2012-8-23,87,77,66,65,61,57,81,59,37,30.14,30.11,30.07,10,10,10,18,9,23,0.00,3,,240
2012-8-24,78,73,68,67,64,60,93,74,54,30.22,30.17,30.11,10,10,7,10,6,14,0.00,5,,69
2012-8-25,77,72,66,67,64,59,93,77,60,30.34,30.30,30.22,10,8,3,15,7,17,0.00,6,,95
2012-8-26,76,70,64,64,61,57,93,74,54,30.35,30.30,30.24,10,10,10,16,6,18,0.00,3,,125
2012-8-27,85,74,62,69,62,57,87,66,45,30.24,30.10,29.93,10,10,10,21,11,24,0.00,3,,208
2012-8-28,86,77,68,72,66,56,93,69,45,29.91,29.81,29.70,10,9,2,17,9,23,0.15,6,Rain,269
2012-8-29,75,69,62,53,49,44,65,52,38,29.98,29.93,29.88,10,10,9,16,9,30,0.00,1,,334
2012-8-30,83,72,60,54,50,46,65,48,30,30.03,29.98,29.95,10,10,9,23,12,30,0.00,1,,262
2012-8-31,90,79,68,59,53,49,55,41,26,29.96,29.88,29.79,10,10,9,24,15,31,0.00,3,,249
2012-9-1,80,72,63,63,59,56,78,62,45,30.12,30.02,29.85,10,10,10,18,8,23,0.00,2,,75
2012-9-2,73,68,62,61,59,56,87,74,61,30.15,30.11,30.06,10,10,10,18,6,21,T,4,,83
2012-9-3,72,66,59,62,59,55,100,81,61,30.24,30.19,30.16,10,8,0,18,9,22,0.00,3,Fog,59
2012-9-4,73,68,63,70,65,56,100,87,73,30.16,30.02,29.88,10,7,2,15,6,17,0.44,8,Rain,138
2012-9-5,82,74,66,74,69,62,93,74,55,29.87,29.78,29.71,10,8,1,22,10,29,0.66,7,Rain,204
2012-9-6,79,72,65,66,63,60,93,76,58,29.91,29.87,29.84,10,10,10,14,6,25,0.00,5,,165
2012-9-7,82,75,68,71,67,64,93,80,67,29.94,29.89,29.86,10,8,1,16,8,20,0.43,5,Rain-Thunderstorm,183
2012-9-8,82,76,70,72,68,58,97,80,62,29.89,29.75,29.64,10,8,1,24,14,30,T,6,Rain-Thunderstorm,210
2012-9-9,75,69,62,58,55,51,84,65,46,29.85,29.80,29.72,10,10,10,16,7,22,T,5,Rain,299
2012-9-10,69,63,56,58,47,41,90,66,42,30.04,29.93,29.85,10,10,10,23,13,30,0.00,3,,330
2012-9-11,73,63,53,51,43,38,69,49,29,30.26,30.18,30.06,10,10,10,15,8,22,0.00,1,,265
2012-9-12,73,63,53,59,51,47,84,64,44,30.36,30.32,30.27,10,10,10,16,7,20,0.00,0,,167
2012-9-13,82,71,60,62,58,56,97,69,40,30.35,30.31,30.26,10,10,10,15,9,18,0.00,0,,220
2012-9-14,81,71,61,63,60,58,90,71,51,30.27,30.18,30.09,10,10,10,18,10,22,0.00,2,,211
2012-9-15,74,67,59,61,53,43,87,61,35,30.07,30.02,29.97,10,10,2,20,11,31,0.12,4,Rain,286
2012-9-16,71,63,54,47,42,36,72,50,28,30.09,30.04,29.98,10,10,10,16,8,22,0.00,2,,294
2012-9-17,70,62,53,57,50,44,84,66,48,30.10,30.06,30.03,10,10,10,14,7,16,0.00,2,,187
2012-9-18,75,67,58,67,61,55,93,81,68,30.06,29.90,29.71,10,10,7,38,18,49,0.09,8,Rain,176
2012-9-19,72,64,55,68,53,38,93,62,31,30.20,29.91,29.69,10,8,1,31,11,41,0.61,6,Rain,285
2012-9-20,62,57,51,47,46,44,77,66,55,30.27,30.22,30.17,10,10,10,16,9,20,0.00,2,,63
